school_name,address,postal_code,nature_code,sap_ind,autonomous_ind,gifted_ind,P1_demand,P2A_demand,P2B_demand,P2C_demand,P2CS_demand,subject_count,distprog_ict,distprog_interdisciplinary,distprog_languages,distprog_stem,cca_clubs,cca_others,cca_sports,cca_uniformed,cca_arts,affiliation_count,top_psle_score,school_score,school_tier
NANYANG PRIMARY SCHOOL,52 KING'S ROAD   ,268097,CO-ED SCHOOL,1,0,1,0.56,1.23,2.65,1.5,0.0,15,0,0,0,0,8,2,8,4,8,1,1,1.750479319911819,Tier 1
CATHOLIC HIGH SCHOOL,9 BISHAN STREET 22   ,579767,BOYS' SCHOOL,1,1,1,0.48,1.5,1.75,1.8,0.0,48,0,0,0,2,3,0,17,5,8,1,1,1.696199222097633,Tier 1
CHIJ ST. NICHOLAS GIRLS' SCHOOL,501 ANG MO KIO STREET 13   ,569405,GIRLS' SCHOOL,1,1,0,0.43,1.36,2.4,1.73,0.0,46,0,0,0,1,11,0,8,4,11,1,1,1.5783158144256224,Tier 1
TAO NAN SCHOOL,49 MARINE CRESCENT   ,449761,CO-ED SCHOOL,1,0,1,0.59,1.28,3.15,1.8,0.0,15,0,0,0,1,4,0,8,4,6,0,0,1.3597505056971024,Tier 1
AI TONG SCHOOL,100 Bright Hill Drive   ,579646,CO-ED SCHOOL,1,0,0,0.55,1.23,3.1,1.88,0.0,14,0,0,0,0,4,0,6,2,5,0,1,1.2792249410018792,Tier 1
NAN HUA PRIMARY SCHOOL,30 Jalan Lempeng   ,128806,CO-ED SCHOOL,1,0,1,0.66,1.67,1.9,4.05,0.0,15,0,1,0,1,8,0,6,2,4,0,0,1.231834160731785,Tier 1
PEI HWA PRESBYTERIAN PRIMARY SCHOOL,7 PEI WAH AVENUE   ,597610,CO-ED SCHOOL,1,0,0,0.68,2.26,2.55,2.05,0.0,13,0,0,1,1,5,0,5,2,7,0,0,1.1071226939480459,Tier 1
ROSYTH SCHOOL,21 Serangoon North Avenue 4   ,555855,CO-ED SCHOOL,0,0,1,0.64,1.45,1.55,3.14,0.0,25,0,0,0,1,10,0,8,2,6,0,1,1.0718895674917144,Tier 1
MARIS STELLA HIGH SCHOOL,25 MOUNT VERNON ROAD   ,368051,BOYS' SCHOOL,1,1,0,0.37,0.76,1.71,2.0,0.0,52,0,0,0,1,12,1,14,4,6,1,0,1.0499692840563608,Tier 1
ANGLO-CHINESE SCHOOL (PRIMARY),50 BARKER ROAD   ,309918,BOYS' SCHOOL,0,0,1,0.33,0.68,1.85,1.45,0.0,32,0,0,1,0,7,0,18,2,2,2,1,1.0037039254133253,Tier 1
MAHA BODHI SCHOOL,10 UBI AVENUE 1   ,408931,CO-ED SCHOOL,1,0,0,0.51,0.92,2.0,2.55,0.0,13,0,0,1,0,11,0,4,1,6,1,0,0.9947795526209344,Tier 1
HOLY INNOCENTS' PRIMARY SCHOOL,5 Lorong Low Koon   ,536451,CO-ED SCHOOL,1,0,0,0.49,0.95,2.0,2.44,0.0,14,0,0,1,1,7,0,6,2,4,1,0,0.930836664394503,Tier 1
KONG HWA SCHOOL,350 GUILLEMARD ROAD   ,399772,CO-ED SCHOOL,1,0,0,0.54,0.87,2.04,2.41,0.0,14,0,0,1,0,6,0,6,2,5,0,0,0.8650980786127727,Tier 1
RED SWASTIKA SCHOOL,350 BEDOK NORTH AVENUE 3   ,469719,CO-ED SCHOOL,1,0,0,0.47,1.16,2.1,2.27,0.0,12,0,0,0,1,3,0,6,2,4,0,0,0.7705316289083475,Tier 1
PEI CHUN PUBLIC SCHOOL,16 LORONG 7 TOA PAYOH   ,319320,CO-ED SCHOOL,1,0,0,0.54,1.07,1.52,2.09,0.0,14,0,0,1,0,6,3,5,2,3,0,0,0.7551336148233327,Tier 1
METHODIST GIRLS' SCHOOL (PRIMARY),11 Blackmore Drive   ,599986,GIRLS' SCHOOL,0,0,0,0.37,0.93,2.45,1.73,0.0,28,0,0,1,1,4,2,9,2,6,1,1,0.7542025857466406,Tier 1
HENRY PARK PRIMARY SCHOOL,1 HOLLAND GROVE ROAD   ,278790,CO-ED SCHOOL,0,0,1,0.45,0.76,1.0,1.48,0.0,24,0,0,0,1,5,0,10,3,5,0,1,0.7419191272594995,Tier 1
ST. HILDA'S PRIMARY SCHOOL,2 Tampines Ave 3   ,529706,CO-ED SCHOOL,0,0,1,0.59,1.0,1.45,3.16,0.0,30,0,0,1,0,6,1,7,2,5,1,0,0.7229437236545162,Tier 1
SINGAPORE CHINESE GIRLS' PRIMARY SCHOOL,190 DUNEARN ROAD   ,309437,GIRLS' SCHOOL,0,0,0,0.43,1.32,1.35,1.41,0.0,19,0,0,1,0,4,0,5,1,8,1,1,0.6264247465946186,Tier 1
PRINCESS ELIZABETH PRIMARY SCHOOL,30 BUKIT BATOK WEST AVENUE 3   ,659163,CO-ED SCHOOL,0,0,0,0.63,2.79,1.4,5.66,0.0,27,0,0,0,0,3,1,4,3,6,0,0,0.596606443590416,Tier 1
RAFFLES GIRLS' PRIMARY SCHOOL,21 Hillcrest Road   ,289072,GIRLS' SCHOOL,0,0,1,0.29,0.43,0.63,1.24,0.0,32,0,0,1,0,5,0,6,2,5,0,1,0.5808520202156641,Tier 1
POI CHING SCHOOL,21 TAMPINES STREET 71   ,529067,CO-ED SCHOOL,1,0,0,0.52,0.24,0.89,2.14,0.0,15,0,0,1,1,4,0,6,2,4,0,0,0.5637543705102852,Tier 1
HONG WEN SCHOOL,30 TOWNER ROAD   ,327829,CO-ED SCHOOL,1,0,0,0.59,0.61,0.82,2.47,0.0,24,0,1,0,0,6,0,6,0,5,0,0,0.49461969237051295,Tier 1
SOUTH VIEW PRIMARY SCHOOL,6 Choa Chu Kang Central   ,689762,CO-ED SCHOOL,0,0,0,0.69,2.89,1.3,3.78,0.0,21,1,1,0,0,5,1,5,3,6,0,0,0.47917358597052545,Tier 1
ANGLO-CHINESE SCHOOL (JUNIOR),16 WINSTEDT ROAD   ,227988,BOYS' SCHOOL,0,0,0,0.36,0.78,2.03,1.56,0.0,24,0,1,1,0,5,0,28,2,5,2,0,0.46123952571464905,Tier 1
CHONGFU SCHOOL,170 YISHUN AVENUE 6   ,768959,CO-ED SCHOOL,0,0,0,0.59,1.22,1.95,3.45,0.0,24,0,0,0,0,5,0,6,3,5,0,0,0.4425448198835086,Tier 1
NAN CHIAU PRIMARY SCHOOL,50 ANCHORVALE LINK   ,545080,CO-ED SCHOOL,0,0,0,0.56,0.36,2.43,3.16,0.0,24,0,0,0,2,6,2,8,2,4,0,0,0.3784554196501206,Tier 1
CHIJ PRIMARY (TOA PAYOH),628 Lorong 1 Toa Payoh   ,319765,GIRLS' SCHOOL,0,0,0,0.39,0.85,2.24,1.57,0.0,26,0,0,0,1,4,0,14,1,6,1,0,0.34605473620543215,Tier 1
GONGSHANG PRIMARY SCHOOL,1 TAMPINES STREET 42   ,529176,CO-ED SCHOOL,0,0,0,0.63,3.03,0.85,2.66,0.0,27,0,0,1,0,5,0,5,1,2,0,0,0.3416323003323383,Tier 1
FAIRFIELD METHODIST SCHOOL (PRIMARY),100 DOVER ROAD   ,139648,CO-ED SCHOOL,0,0,0,0.54,1.06,1.5,1.67,0.0,32,0,0,1,0,4,0,5,3,4,1,0,0.3380993404900955,Tier 1
RULANG PRIMARY SCHOOL,6 JURONG WEST STREET 52   ,649295,CO-ED SCHOOL,0,0,0,0.66,1.44,1.5,2.45,0.0,29,0,0,0,1,5,1,7,2,4,0,0,0.3136731925259187,Tier 1
KUO CHUAN PRESBYTERIAN PRIMARY SCHOOL,8 BISHAN STREET 13   ,579793,CO-ED SCHOOL,0,0,0,0.57,0.64,1.07,1.92,0.0,29,0,0,2,0,3,2,11,2,5,1,0,0.2924022439116649,Tier 1
NORTHLAND PRIMARY SCHOOL,15 YISHUN AVENUE 4   ,769026,CO-ED SCHOOL,0,0,0,0.61,1.09,1.45,3.46,0.0,31,0,1,0,1,5,0,7,2,6,0,0,0.2774102203431008,Tier 1
TEMASEK PRIMARY SCHOOL,501 BEDOK SOUTH AVE 3   ,469300,CO-ED SCHOOL,0,0,0,0.69,2.77,0.5,2.06,0.0,27,0,0,0,1,5,0,5,2,3,0,0,0.2585426093579576,Tier 1
YANGZHENG PRIMARY SCHOOL,15 SERANGOON AVENUE 3   ,556108,CO-ED SCHOOL,0,0,0,0.64,2.56,0.7,2.09,0.0,29,0,0,0,0,3,0,4,2,4,0,0,0.23706980591189422,Tier 1
SHUQUN PRIMARY SCHOOL,8 JURONG WEST STREET 51   ,649332,CO-ED SCHOOL,0,0,0,0.59,1.95,1.0,1.93,0.0,22,0,1,0,0,4,1,5,4,3,0,0,0.2254306079628061,Tier 1
ST. JOSEPH'S INSTITUTION JUNIOR,3 ESSEX ROAD   ,309331,BOYS' SCHOOL,0,0,0,0.35,0.52,1.97,1.47,0.0,26,0,1,0,0,3,0,6,1,3,2,0,0.18887909667147149,Tier 1
WELLINGTON PRIMARY SCHOOL,10 WELLINGTON CIRCLE   ,757702,CO-ED SCHOOL,0,0,0,0.57,1.13,1.05,2.6,0.0,29,1,0,0,0,5,0,5,1,7,0,0,0.18009441511899604,Tier 1
ADMIRALTY PRIMARY SCHOOL,11 WOODLANDS CIRCLE   ,738907,CO-ED SCHOOL,0,0,0,0.6,0.7,1.04,1.67,0.0,24,0,0,0,2,5,0,5,2,6,0,0,0.14816396276557628,Tier 1
ANDERSON PRIMARY SCHOOL,19 ANG MO KIO AVE 9   ,569785,CO-ED SCHOOL,0,0,0,0.54,0.62,0.86,1.4,0.0,30,0,0,0,1,4,0,4,2,11,0,0,0.13827136953861413,Tier 1
WATERWAY PRIMARY SCHOOL,70 Punggol Drive   ,828802,CO-ED SCHOOL,0,0,0,0.75,1.95,0.0,1.7,0.0,24,0,0,1,0,6,0,4,1,3,0,0,0.13365717699412663,Tier 1
RADIN MAS PRIMARY SCHOOL,1 BUKIT PURMEI AVENUE   ,99840,CO-ED SCHOOL,0,0,0,0.55,0.86,0.96,2.04,0.0,29,0,0,0,1,4,2,5,3,3,0,0,0.12083480544484101,Tier 1
PASIR RIS PRIMARY SCHOOL,5 PASIR RIS STREET 21   ,518968,CO-ED SCHOOL,0,0,0,0.65,1.12,0.95,1.44,0.0,30,0,0,1,0,4,1,13,0,3,0,0,0.12076357604500362,Tier 1
BUKIT PANJANG PRIMARY SCHOOL,109 CASHEW ROAD   ,679676,CO-ED SCHOOL,0,0,0,0.55,0.77,0.77,1.28,0.0,25,0,0,1,0,5,1,7,2,5,0,0,0.120617841628279,Tier 1
YU NENG PRIMARY SCHOOL,56 BEDOK NORTH ST 3   ,469623,CO-ED SCHOOL,0,0,0,0.68,1.54,0.8,1.36,0.0,21,1,0,0,0,5,2,4,1,4,0,0,0.1147151503115903,Tier 1
ANGSANA PRIMARY SCHOOL,51 Tampines Street 61   ,528565,CO-ED SCHOOL,0,0,0,0.65,1.6,0.05,2.83,0.0,30,0,0,0,1,3,1,5,2,4,0,0,0.0862831139647295,Tier 1
TANJONG KATONG PRIMARY SCHOOL,10 Seraya Road   ,437259,CO-ED SCHOOL,0,0,0,0.58,1.76,0.45,1.57,0.0,29,0,0,0,0,4,0,5,1,5,0,0,0.0839376617603981,Tier 2
FRONTIER PRIMARY SCHOOL,20 Jurong West Street 61   ,648200,CO-ED SCHOOL,0,0,0,0.56,1.18,1.15,1.65,0.0,24,0,1,0,0,3,1,5,2,4,0,0,0.0838793915581681,Tier 2
MEE TOH SCHOOL,21 EDGEDALE PLAINS   ,828867,CO-ED SCHOOL,0,0,0,0.48,0.23,0.71,1.29,0.0,28,0,1,0,0,8,5,5,1,7,1,0,0.05420153375723042,Tier 2
VALOUR PRIMARY SCHOOL,49 Punggol Central   ,828728,CO-ED SCHOOL,0,0,0,0.72,1.02,0.15,1.54,0.0,29,0,0,0,0,3,0,5,3,4,0,0,0.04462162337554654,Tier 2
SENGKANG GREEN PRIMARY SCHOOL,15 Fernvale Road   ,797636,CO-ED SCHOOL,0,0,0,0.47,1.25,0.75,1.75,0.0,24,0,1,0,1,4,0,4,1,7,0,0,0.031026832861864428,Tier 2
XINMIN PRIMARY SCHOOL,9 HOUGANG AVENUE 8   ,538784,CO-ED SCHOOL,0,0,0,0.6,0.82,0.79,1.64,0.0,29,0,1,0,0,3,1,4,3,4,0,0,0.029560694297269836,Tier 2
KEMING PRIMARY SCHOOL,90 BUKIT BATOK EAST AVENUE 6   ,659762,CO-ED SCHOOL,0,0,0,0.47,0.6,0.64,1.62,0.0,33,0,0,0,1,5,0,4,3,4,0,0,0.026684853191805042,Tier 2
HOUGANG PRIMARY SCHOOL,1 HOUGANG ST 93   ,534238,CO-ED SCHOOL,0,0,0,0.49,0.2,0.42,1.17,0.0,29,0,0,1,1,7,0,6,1,8,0,0,0.023359910165073914,Tier 2
PUNGGOL GREEN PRIMARY SCHOOL,98 Punggol Walk   ,828772,CO-ED SCHOOL,0,0,0,0.65,1.21,0.15,2.03,0.0,29,0,0,0,1,4,1,3,1,5,0,0,0.01760158913935829,Tier 2
NORTH VIEW PRIMARY SCHOOL,210 YISHUN AVENUE 6   ,768960,CO-ED SCHOOL,0,0,0,0.61,1.04,0.05,1.82,0.0,32,0,0,0,1,3,0,4,3,5,0,0,0.01683736349297391,Tier 2
HUAMIN PRIMARY SCHOOL,21 YISHUN AVENUE 11   ,768857,CO-ED SCHOOL,0,0,0,0.63,1.24,0.1,1.48,0.0,27,0,1,0,0,7,1,5,1,6,0,0,-0.0001165892299281047,Tier 2
HORIZON PRIMARY SCHOOL,61 Edgedale Plains   ,828819,CO-ED SCHOOL,0,0,0,0.52,1.01,0.55,1.58,0.0,29,0,0,0,1,6,1,7,1,2,0,0,-0.0009858967143899962,Tier 2
RIVER VALLEY PRIMARY SCHOOL,2 RIVER VALLEY GREEN   ,237993,CO-ED SCHOOL,0,0,0,0.47,0.43,0.4,1.0,0.0,29,0,0,1,0,4,2,7,3,4,0,0,-0.006643654574434834,Tier 2
CHUA CHU KANG PRIMARY SCHOOL,20 CHOA CHU KANG AVENUE 2   ,689905,CO-ED SCHOOL,0,0,0,0.57,0.6,0.53,1.97,0.0,30,0,0,0,2,3,0,4,1,6,0,0,-0.009154408357684971,Tier 2
NGEE ANN PRIMARY SCHOOL,344 MARINE TERRACE   ,449149,CO-ED SCHOOL,0,0,0,0.48,0.29,0.05,1.17,0.0,29,0,0,0,1,4,3,7,2,7,1,0,-0.011013974256165834,Tier 2
GEYLANG METHODIST SCHOOL (PRIMARY),4 Geylang East Central   ,389706,CO-ED SCHOOL,0,0,0,0.46,0.27,0.09,1.0,0.0,29,0,0,1,1,4,0,6,2,5,1,0,-0.014961929140740213,Tier 2
WESTWOOD PRIMARY SCHOOL,1 Jurong West Street 73   ,649188,CO-ED SCHOOL,0,0,0,0.58,1.19,0.35,1.43,0.0,29,0,1,0,0,4,0,4,2,5,0,0,-0.019508828843324232,Tier 2
RIVERSIDE PRIMARY SCHOOL,110 Woodlands Crescent   ,737803,CO-ED SCHOOL,0,0,0,0.67,1.38,0.3,1.46,0.0,29,0,1,0,0,4,0,6,1,4,0,0,-0.022607877268104568,Tier 2
CANBERRA PRIMARY SCHOOL,21 ADMIRALTY DRIVE   ,757714,CO-ED SCHOOL,0,0,0,0.59,0.26,0.51,1.21,0.0,25,1,0,0,0,6,1,9,2,3,0,0,-0.03478740538968691,Tier 2
CHIJ OUR LADY OF THE NATIVITY,1257 UPPER SERANGOON ROAD   ,534793,GIRLS' SCHOOL,0,0,0,0.33,0.22,0.73,1.13,0.0,21,0,0,1,0,2,1,4,1,3,1,0,-0.04534912284063636,Tier 2
ALEXANDRA PRIMARY SCHOOL,2A Prince Charles Crescent   ,159016,CO-ED SCHOOL,0,0,0,0.46,0.88,0.22,1.09,0.0,22,0,0,0,1,6,0,7,1,5,0,0,-0.04555899314204252,Tier 2
NAVAL BASE PRIMARY SCHOOL,7 YISHUN AVE 4   ,769028,CO-ED SCHOOL,0,0,0,0.69,1.05,0.05,1.07,0.0,22,0,1,0,0,3,2,6,3,3,0,0,-0.057733904607299935,Tier 2
ST. ANDREW'S JUNIOR SCHOOL,2 FRANCIS THOMAS DRIVE   ,359337,BOYS' SCHOOL,0,0,0,0.27,0.58,0.85,1.24,0.0,29,0,1,0,1,4,0,6,2,2,1,0,-0.06304416007970996,Tier 2
GREENRIDGE PRIMARY SCHOOL,11 JELAPANG ROAD   ,677744,CO-ED SCHOOL,0,0,0,0.54,0.34,0.03,0.31,0.08,23,0,0,1,1,5,1,7,3,4,0,0,-0.06577134994607699,Tier 2
COMPASSVALE PRIMARY SCHOOL,21 COMPASSVALE ST   ,545091,CO-ED SCHOOL,0,0,0,0.6,0.24,0.5,1.17,0.0,25,0,0,0,2,4,0,5,1,5,0,0,-0.0658125242173426,Tier 2
DE LA SALLE SCHOOL,11 Choa Chu Kang St 52   ,689285,CO-ED SCHOOL,0,0,0,0.42,0.1,0.24,0.8,1.62,29,0,0,0,0,6,0,5,2,3,2,0,-0.06921811862200629,Tier 2
WOODGROVE PRIMARY SCHOOL,2 WOODLANDS DRIVE 14   ,738079,CO-ED SCHOOL,0,0,0,0.5,0.3,0.15,0.89,0.73,29,0,0,1,1,5,0,5,2,7,0,0,-0.06960321568774686,Tier 2
WOODLANDS PRIMARY SCHOOL,10 WOODLANDS DRIVE 50   ,738853,CO-ED SCHOOL,0,0,0,0.61,0.37,0.25,0.97,3.0,26,0,0,1,3,11,0,7,1,6,0,0,-0.07175828242578945,Tier 2
FENGSHAN PRIMARY SCHOOL,307 BEDOK NORTH ROAD   ,469680,CO-ED SCHOOL,0,0,0,0.52,0.88,0.0,1.35,0.0,23,0,1,0,0,2,1,5,4,5,0,0,-0.07317587978708608,Tier 2
SEMBAWANG PRIMARY SCHOOL,10 SEMBAWANG DRIVE   ,757715,CO-ED SCHOOL,0,0,0,0.54,0.77,0.0,1.43,0.0,27,0,0,0,1,4,1,6,1,6,0,0,-0.07549968687820736,Tier 2
QIFA PRIMARY SCHOOL,50 WEST COAST AVENUE   ,128104,CO-ED SCHOOL,0,0,0,0.46,0.31,0.26,1.13,0.0,29,0,0,1,0,3,0,5,2,5,0,0,-0.07702658816204168,Tier 2
JUNYUAN PRIMARY SCHOOL,2 Tampines Street 91   ,528906,CO-ED SCHOOL,0,0,0,0.45,0.8,0.0,1.07,0.0,24,0,0,1,1,5,1,4,1,4,0,0,-0.09465838330977158,Tier 2
CHONGZHENG PRIMARY SCHOOL,1 TAMPINES STREET 21   ,529392,CO-ED SCHOOL,0,0,0,0.39,0.35,0.23,1.02,0.0,24,0,0,0,0,5,0,4,2,6,0,0,-0.0956061662373346,Tier 2
RIVERVALE PRIMARY SCHOOL,80 RIVERVALE DRIVE   ,545092,CO-ED SCHOOL,0,0,0,0.48,0.27,0.45,1.16,0.0,29,0,0,0,1,5,0,7,1,4,0,0,-0.10069571251657995,Tier 2
NORTHSHORE PRIMARY SCHOOL,30 Northshore Drive   ,828671,CO-ED SCHOOL,0,0,0,0.61,0.69,0.03,1.49,0.0,18,0,0,0,0,3,0,5,1,3,0,0,-0.10643045476221584,Tier 2
ST. MARGARET'S SCHOOL (PRIMARY),136 Sophia Road   ,228197,GIRLS' SCHOOL,0,0,0,0.31,0.26,0.36,1.11,0.0,26,0,0,1,1,4,0,5,2,4,0,0,-0.11108009853096315,Tier 2
CASUARINA PRIMARY SCHOOL,30 PASIR RIS ST 41   ,518935,CO-ED SCHOOL,0,0,0,0.58,0.9,0.0,0.47,0.44,23,0,0,0,1,3,0,5,2,5,0,0,-0.11363041036623782,Tier 2
FUHUA PRIMARY SCHOOL,65 JURONG EAST STREET 13   ,609647,CO-ED SCHOOL,0,0,0,0.47,0.33,0.0,0.26,0.25,24,0,0,0,2,6,3,6,3,5,0,0,-0.12139565221847726,Tier 2
CANOSSA CATHOLIC PRIMARY SCHOOL,1 Sallim Road   ,387621,CO-ED SCHOOL,0,0,0,0.68,0.32,0.58,0.57,1.69,22,0,0,0,1,2,0,4,2,5,0,0,-0.125083306169432,Tier 2
MAYFLOWER PRIMARY SCHOOL,200 Ang Mo Kio Avenue 5   ,569878,CO-ED SCHOOL,0,0,0,0.38,0.45,0.0,0.29,0.56,23,0,0,1,1,3,1,4,3,7,0,0,-0.12564625308222951,Tier 2
WEST SPRING PRIMARY SCHOOL,60 Bukit Panjang Ring Road   ,679946,CO-ED SCHOOL,0,0,0,0.59,0.97,0.05,0.63,0.43,29,0,0,0,1,5,0,6,1,3,0,0,-0.12780806303650513,Tier 2
GREENWOOD PRIMARY SCHOOL,11 WOODLANDS  DR  62   ,737942,CO-ED SCHOOL,0,0,0,0.73,0.24,0.0,0.82,1.38,30,0,0,1,0,4,0,4,1,6,0,0,-0.13190652274400816,Tier 2
CHIJ (KATONG) PRIMARY,17 MARTIA ROAD   ,424821,GIRLS' SCHOOL,0,0,0,0.38,0.32,0.3,0.66,1.39,27,0,0,1,0,4,0,8,1,3,1,0,-0.13521134658339104,Tier 2
ELIAS PARK PRIMARY SCHOOL,11 PASIR RIS STREET 52   ,518866,CO-ED SCHOOL,0,0,0,0.73,0.78,0.0,1.74,0.0,31,0,1,0,0,3,0,4,1,3,0,0,-0.1358182188336607,Tier 2
QUEENSTOWN PRIMARY SCHOOL,310 MARGARET DR   ,149303,CO-ED SCHOOL,0,0,0,0.59,0.28,0.0,1.1,0.0,30,0,1,0,0,6,0,5,2,5,0,0,-0.13706907146409278,Tier 2
JIEMIN PRIMARY SCHOOL,2 YISHUN STREET 71   ,768515,CO-ED SCHOOL,0,0,0,0.58,0.25,0.0,0.38,0.37,22,0,0,1,0,3,0,4,1,6,0,0,-0.15133284798946353,Tier 3
ZHENGHUA PRIMARY SCHOOL,9 Fajar Road   ,679002,CO-ED SCHOOL,0,0,0,0.55,1.03,0.0,0.81,0.67,25,0,1,0,1,3,0,4,2,6,0,0,-0.15371634425590783,Tier 3
FUCHUN PRIMARY SCHOOL,23 WOODLANDS AVENUE 1   ,739063,CO-ED SCHOOL,0,0,0,0.57,0.33,0.0,0.5,0.06,29,0,0,1,1,4,0,4,1,4,0,0,-0.1560182228106057,Tier 3
CHIJ OUR LADY OF GOOD COUNSEL,2C Burghley Drive   ,558979,GIRLS' SCHOOL,0,0,0,0.41,0.23,0.26,0.47,0.9,26,0,0,1,0,3,0,4,1,3,1,0,-0.1570222900489336,Tier 3
XINGNAN PRIMARY SCHOOL,5 JURONG WEST STREET 91   ,649036,CO-ED SCHOOL,0,0,0,0.55,0.31,0.0,0.48,0.31,30,0,0,0,1,6,1,4,1,6,0,0,-0.15730569705379926,Tier 3
QIHUA PRIMARY SCHOOL,5 WOODLANDS STREET 81   ,738525,CO-ED SCHOOL,0,0,0,0.42,0.25,0.0,0.46,0.02,23,0,0,0,0,5,0,4,2,5,0,0,-0.17246690193209016,Tier 3
XISHAN PRIMARY SCHOOL,8 YISHUN STREET 21   ,768611,CO-ED SCHOOL,0,0,0,0.43,0.15,0.02,0.45,1.38,22,0,0,1,0,4,0,5,2,7,0,0,-0.17732866820611576,Tier 3
WEST VIEW PRIMARY SCHOOL,31 SENJA ROAD   ,677742,CO-ED SCHOOL,0,0,0,0.57,0.97,0.0,0.52,0.45,24,0,0,0,1,2,0,4,1,4,0,0,-0.1784278013245456,Tier 3
JING SHAN PRIMARY SCHOOL,5 ANG MO KIO ST 52   ,569228,CO-ED SCHOOL,0,0,0,0.49,1.04,0.0,0.83,0.9,22,0,0,0,1,4,0,4,1,3,0,0,-0.18446479534526009,Tier 3
NORTH VISTA PRIMARY SCHOOL,20 Compassvale Link   ,544974,CO-ED SCHOOL,0,0,0,0.4,0.3,0.0,0.26,0.34,30,1,0,0,1,6,3,5,3,5,0,0,-0.18512533855392388,Tier 3
MARSILING PRIMARY SCHOOL,31 WOODLANDS CENTRE ROAD   ,738927,CO-ED SCHOOL,0,0,0,0.55,0.19,0.0,0.95,1.6,29,0,0,1,1,4,0,5,2,4,0,0,-0.18939172994929493,Tier 3
EVERGREEN PRIMARY SCHOOL,31 WOODLANDS CIRCLE   ,738908,CO-ED SCHOOL,0,0,0,0.62,0.13,0.0,0.68,0.81,32,0,0,1,1,3,1,4,1,5,0,0,-0.1911539484135856,Tier 3
TELOK KURAU PRIMARY SCHOOL,50 BEDOK RESERVOIR RD   ,479239,CO-ED SCHOOL,0,0,0,0.34,0.24,0.0,0.42,0.82,25,0,0,0,1,6,0,4,3,5,0,0,-0.19385592794693687,Tier 3
UNITY PRIMARY SCHOOL,21 CHOA CHU KANG CRESCENT   ,688268,CO-ED SCHOOL,0,0,0,0.37,0.13,0.0,0.38,0.08,22,0,0,1,1,5,0,5,1,5,0,0,-0.19456791524184744,Tier 3
KHENG CHENG SCHOOL,15 LORONG 3 TOA PAYOH   ,319580,CO-ED SCHOOL,0,0,0,0.37,0.11,0.02,1.07,0.0,27,0,0,0,2,4,0,3,3,3,0,0,-0.19749241457136693,Tier 3
WHITE SANDS PRIMARY SCHOOL,2 PASIR RIS ST 11   ,519075,CO-ED SCHOOL,0,0,0,0.49,0.28,0.06,0.77,0.87,24,1,0,1,0,4,0,4,1,5,0,0,-0.20145950183728975,Tier 3
ST. ANTHONY'S PRIMARY SCHOOL,30 Bukit Batok St 32   ,659401,CO-ED SCHOOL,0,0,0,0.0,0.0,0.0,0.0,0.0,30,0,0,0,1,5,2,5,2,4,2,0,-0.20178580970045376,Tier 3
ST. GABRIEL'S PRIMARY SCHOOL,220 Lorong Chuan   ,556742,BOYS' SCHOOL,0,0,0,0.36,0.31,0.55,0.85,2.75,29,1,0,0,1,6,0,11,1,2,1,0,-0.20775402314813948,Tier 3
CHIJ (KELLOCK),1 Bukit Teresa Road   ,99757,GIRLS' SCHOOL,0,0,0,0.33,0.18,0.14,0.46,0.59,30,0,1,0,0,8,0,6,1,3,1,0,-0.20896931164852361,Tier 3
ANG MO KIO PRIMARY SCHOOL,20 ANG MO KIO AVENUE 3   ,569920,CO-ED SCHOOL,0,0,0,0.35,0.22,0.0,0.29,0.31,29,0,0,1,1,4,1,6,2,4,0,0,-0.21045724594178358,Tier 3
NORTH SPRING PRIMARY SCHOOL,1 RIVERVALE STREET   ,545088,CO-ED SCHOOL,0,0,0,0.41,0.15,0.0,0.34,0.32,25,0,0,0,1,4,0,3,2,6,0,0,-0.2143494259838246,Tier 3
PUNGGOL COVE PRIMARY SCHOOL,52 Sumang Walk   ,828674,CO-ED SCHOOL,0,0,0,0.54,0.36,0.0,0.21,0.66,24,0,0,1,0,3,1,6,1,3,0,0,-0.21664734254004206,Tier 3
JURONG PRIMARY SCHOOL,320 JURONG EAST Street 32   ,609476,CO-ED SCHOOL,0,0,0,0.49,0.26,0.0,0.4,0.53,30,0,0,1,1,3,0,5,1,4,0,0,-0.22557999949454247,Tier 3
WEST GROVE PRIMARY SCHOOL,1 JURONG WEST ST 72   ,649223,CO-ED SCHOOL,0,0,0,0.45,0.07,0.0,0.3,0.49,30,0,1,0,0,5,0,4,4,4,0,0,-0.22674934841425232,Tier 3
YIO CHU KANG PRIMARY SCHOOL,1 HOUGANG STREET 51   ,538720,CO-ED SCHOOL,0,0,0,0.52,0.16,0.0,0.2,0.75,29,0,0,0,2,2,1,4,2,7,0,0,-0.2278020771465533,Tier 3
SENG KANG PRIMARY SCHOOL,21 COMPASSVALE WALK   ,545166,CO-ED SCHOOL,0,0,0,0.37,0.14,0.0,0.09,0.2,23,0,0,1,1,4,0,5,2,3,0,0,-0.227866189661746,Tier 3
PARK VIEW PRIMARY SCHOOL,60 PASIR RIS DRIVE 1   ,519524,CO-ED SCHOOL,0,0,0,0.54,0.17,0.0,0.38,0.68,30,0,0,0,0,6,4,6,1,3,0,0,-0.23188524486171155,Tier 3
TAMPINES NORTH PRIMARY SCHOOL,30 TAMPINES AVENUE 9   ,529565,CO-ED SCHOOL,0,0,0,0.41,0.14,0.0,0.31,1.08,20,0,0,1,0,2,0,5,2,5,0,0,-0.23897403662357827,Tier 3
CHIJ OUR LADY QUEEN OF PEACE,4 Chestnut Drive   ,679287,GIRLS' SCHOOL,0,0,0,0.28,0.09,0.15,0.67,0.95,29,0,0,0,1,3,0,3,1,5,1,0,-0.23918965392473462,Tier 3
FERNVALE PRIMARY SCHOOL,1 Fernvale Lane   ,797701,CO-ED SCHOOL,0,0,0,0.47,0.17,0.02,0.46,0.45,29,0,0,0,1,4,0,4,1,5,0,0,-0.24353625705025808,Tier 3
TECK GHEE PRIMARY SCHOOL,1 ANG MO KIO STREET 32   ,569299,CO-ED SCHOOL,0,0,0,0.39,0.13,0.06,0.55,0.98,24,0,0,0,1,4,0,4,2,5,0,0,-0.2449365551669804,Tier 3
CONCORD PRIMARY SCHOOL,3 CHOA CHU KANG AVE 4   ,689814,CO-ED SCHOOL,0,0,0,0.71,0.41,0.03,1.12,0.0,29,0,1,0,0,1,0,4,0,4,0,0,-0.24665903311683582,Tier 3
HAIG GIRLS' SCHOOL,51 Koon Seng Road   ,427072,GIRLS' SCHOOL,0,0,0,0.39,0.29,0.51,0.85,1.93,29,0,1,0,0,3,0,5,2,6,0,0,-0.2501734685458011,Tier 3
FERN GREEN PRIMARY SCHOOL,70 Fernvale Link,797538,CO-ED SCHOOL,0,0,0,0.43,0.26,0.0,0.56,0.59,33,0,0,0,1,4,0,5,1,5,0,0,-0.2531999654713626,Tier 3
INNOVA PRIMARY SCHOOL,80 Woodlands Drive 17   ,737888,CO-ED SCHOOL,0,0,0,0.51,0.17,0.11,0.73,0.29,32,0,1,0,0,3,0,4,2,4,0,0,-0.2542584654724901,Tier 3
YISHUN PRIMARY SCHOOL,500 YISHUN RING ROAD   ,768679,CO-ED SCHOOL,0,0,0,0.41,0.35,0.0,0.41,1.07,21,0,0,0,1,5,1,3,1,5,0,0,-0.2563658957909493,Tier 3
SPRINGDALE PRIMARY SCHOOL,71 Anchorvale Link   ,544799,CO-ED SCHOOL,0,0,0,0.6,0.57,0.0,0.72,1.85,29,0,1,0,0,7,4,6,1,3,0,0,-0.25711484431568987,Tier 3
CORPORATION PRIMARY SCHOOL,31 JURONG WEST STREET 24   ,648347,CO-ED SCHOOL,0,0,0,0.5,0.18,0.0,0.21,0.21,29,0,1,0,0,4,1,4,2,5,0,0,-0.2578727327485417,Tier 3
BEACON PRIMARY SCHOOL,36 Bukit Panjang Ring Road   ,679944,CO-ED SCHOOL,0,0,0,0.47,0.02,0.0,0.36,0.14,29,0,0,0,1,4,1,5,1,4,0,0,-0.2624065058837415,Tier 3
ST. ANTHONY'S CANOSSIAN PRIMARY SCHOOL,1602 BEDOK NORTH AVE 4   ,469701,GIRLS' SCHOOL,0,0,0,0.22,0.09,0.05,0.2,0.38,30,0,0,0,1,2,0,11,1,4,1,0,-0.2661251982619767,Tier 3
PEI TONG PRIMARY SCHOOL,15 CLEMENTI AVENUE 5   ,129857,CO-ED SCHOOL,0,0,0,0.28,0.15,0.0,0.14,0.19,29,0,0,0,1,4,0,4,3,3,0,0,-0.27113219522669924,Tier 3
ZHANGDE PRIMARY SCHOOL,51 Jalan Membina   ,169485,CO-ED SCHOOL,0,0,0,0.58,0.34,0.0,0.85,1.46,29,0,0,0,1,1,0,8,2,2,0,0,-0.2714992289727195,Tier 3
OASIS PRIMARY SCHOOL,71 Edgefield Plains   ,828716,CO-ED SCHOOL,0,0,0,0.56,0.44,0.0,0.56,1.13,24,0,1,0,0,4,0,7,1,4,0,0,-0.27309596988575585,Tier 3
GREENDALE PRIMARY SCHOOL,50 Edgedale Plains   ,828848,CO-ED SCHOOL,0,0,0,0.43,0.21,0.0,0.19,0.3,29,0,1,0,1,4,1,6,3,3,0,0,-0.27385204368166777,Tier 3
OPERA ESTATE PRIMARY SCHOOL,48 FIDELIO STREET   ,458436,CO-ED SCHOOL,0,0,0,0.52,0.24,0.0,0.8,1.71,25,0,0,0,1,3,1,4,2,3,0,0,-0.27708009169512376,Tier 3
ST. STEPHEN'S SCHOOL,20 SIGLAP VIEW   ,455789,BOYS' SCHOOL,0,0,0,0.19,0.09,0.17,0.4,0.99,34,0,1,0,0,4,0,6,1,2,2,0,-0.2772021012175167,Tier 4
DAZHONG PRIMARY SCHOOL,35 BUKIT BATOK STREET 31   ,659441,CO-ED SCHOOL,0,0,0,0.51,0.72,0.0,0.9,2.33,24,0,0,0,1,1,1,6,2,3,0,0,-0.2803589411888152,Tier 4
PEIYING PRIMARY SCHOOL,651 YISHUN RING ROAD   ,768687,CO-ED SCHOOL,0,0,0,0.53,0.32,0.0,0.5,1.29,29,0,1,0,0,4,0,5,2,4,0,0,-0.2853801478237923,Tier 4
PAYA LEBAR METHODIST GIRLS' SCHOOL (PRIMARY),298 LORONG AH SOO   ,536741,GIRLS' SCHOOL,0,0,0,0.0,0.0,0.0,0.0,0.0,29,0,0,0,0,5,1,7,1,5,1,0,-0.2877436170923392,Tier 4
LIANHUA PRIMARY SCHOOL,2 BUKIT BATOK STREET 52   ,659243,CO-ED SCHOOL,0,0,0,0.24,0.08,0.0,0.11,0.19,27,0,0,0,1,4,1,4,1,7,0,0,-0.29158051706812366,Tier 4
BLANGAH RISE PRIMARY SCHOOL,91 TELOK BLANGAH HEIGHTS   ,109100,CO-ED SCHOOL,0,0,0,0.4,0.19,0.0,0.21,0.31,29,0,0,0,1,3,0,3,2,2,0,0,-0.3036976463088677,Tier 4
MONTFORT JUNIOR SCHOOL,52 HOUGANG AVENUE 8   ,538786,BOYS' SCHOOL,0,0,0,0.24,0.09,0.12,0.09,0.24,25,0,0,0,2,2,0,4,1,2,1,0,-0.305278118626885,Tier 4
TECK WHYE PRIMARY SCHOOL,11 TECK WHYE WALK   ,688261,CO-ED SCHOOL,0,0,0,0.3,0.21,0.0,0.16,0.46,29,0,0,1,0,4,1,5,1,2,0,0,-0.3055194996290324,Tier 4
PALM VIEW PRIMARY SCHOOL,150 Compassvale Bow   ,544822,CO-ED SCHOOL,0,0,0,0.41,0.01,0.0,0.51,0.72,28,0,0,1,1,4,1,5,0,3,0,0,-0.3077499301666828,Tier 4
YUMIN PRIMARY SCHOOL,3 TAMPINES STREET 21   ,529393,CO-ED SCHOOL,0,0,0,0.32,0.06,0.0,0.05,0.39,23,0,0,0,1,3,0,3,2,4,0,0,-0.3103138729120873,Tier 4
LAKESIDE PRIMARY SCHOOL,161 Corporation Walk   ,618310,CO-ED SCHOOL,0,0,0,0.49,0.23,0.02,0.75,1.27,29,0,1,0,0,5,0,4,1,4,0,0,-0.31230470210422895,Tier 4
ENDEAVOUR PRIMARY SCHOOL,10 Admiralty Link   ,757521,CO-ED SCHOOL,0,0,0,0.34,0.04,0.0,0.39,0.62,30,0,1,0,0,3,1,8,2,6,0,0,-0.31305128253192877,Tier 4
YEW TEE PRIMARY SCHOOL,10 CHOA CHU KANG ST 64   ,689100,CO-ED SCHOOL,0,0,0,0.39,0.08,0.02,0.47,0.67,27,0,1,0,0,7,0,5,1,3,0,0,-0.31859880225412035,Tier 4
YUHUA PRIMARY SCHOOL,158 JURONG EAST STREET 24   ,609558,CO-ED SCHOOL,0,0,0,0.27,0.13,0.02,0.15,0.11,23,0,1,0,1,4,0,7,1,6,0,0,-0.32478439308066703,Tier 4
FARRER PARK PRIMARY SCHOOL,2 FARRER PARK ROAD   ,217567,CO-ED SCHOOL,0,0,0,0.32,0.16,0.0,0.19,0.62,30,0,1,0,0,5,0,6,2,4,0,0,-0.32645042672320457,Tier 4
EAST SPRING PRIMARY SCHOOL,31 TAMPINES ST 33   ,529258,CO-ED SCHOOL,0,0,0,0.29,0.17,0.0,0.33,0.16,25,1,0,0,1,3,0,4,1,5,0,0,-0.32778530098597114,Tier 4
TAMPINES PRIMARY SCHOOL,250 TAMPINES STREET 12   ,529426,CO-ED SCHOOL,0,0,0,0.0,0.0,0.0,0.0,0.0,32,0,0,1,1,3,0,4,2,6,0,0,-0.3282740265457748,Tier 4
GAN ENG SENG PRIMARY SCHOOL,100 REDHILL CLOSE   ,158901,CO-ED SCHOOL,0,0,0,0.31,0.11,0.0,0.15,0.08,29,0,1,0,1,3,0,5,3,3,0,0,-0.32916594969052254,Tier 4
BOON LAY GARDEN PRIMARY SCHOOL,20 BOON LAY DRIVE   ,649930,CO-ED SCHOOL,0,0,0,0.31,0.1,0.0,0.26,0.19,30,0,1,0,1,4,0,6,2,4,0,0,-0.32985145806332333,Tier 4
CLEMENTI PRIMARY SCHOOL,8 CLEMENTI AVE 3   ,129903,CO-ED SCHOOL,0,0,0,0.3,0.07,0.0,0.37,0.94,37,0,1,0,1,7,2,6,1,6,0,0,-0.3319295648598982,Tier 4
FIRST TOA PAYOH PRIMARY SCHOOL,7 LORONG 8 TOA PAYOH   ,319252,CO-ED SCHOOL,0,0,0,0.18,0.08,0.0,0.07,0.23,29,1,0,0,0,3,2,2,4,2,0,0,-0.34152732217018866,Tier 4
ANCHOR GREEN PRIMARY SCHOOL,31 Anchorvale Drive   ,544969,CO-ED SCHOOL,0,0,0,0.36,0.18,0.0,0.15,0.34,30,0,1,0,0,4,0,4,1,5,0,0,-0.342741862112869,Tier 4
MERIDIAN PRIMARY SCHOOL,20 PASIR RIS ST 71   ,518798,CO-ED SCHOOL,0,0,0,0.29,0.26,0.0,0.2,0.1,23,0,1,0,0,4,1,4,1,4,0,0,-0.34782743467561655,Tier 4
CEDAR PRIMARY SCHOOL,15 CEDAR AVENUE   ,349700,CO-ED SCHOOL,0,0,0,0.34,0.3,0.0,0.39,1.2,32,0,1,0,0,6,0,5,2,2,0,0,-0.34906355063160555,Tier 4
BUKIT VIEW PRIMARY SCHOOL,18 BUKIT BATOK STREET 21   ,659634,CO-ED SCHOOL,0,0,0,0.33,0.04,0.0,0.46,1.09,23,0,1,0,3,5,3,5,1,6,0,0,-0.3502837509562826,Tier 4
BUKIT TIMAH PRIMARY SCHOOL,111 Lorong Kismis   ,598112,CO-ED SCHOOL,0,0,0,0.35,0.08,0.0,0.79,1.62,24,0,1,0,0,3,3,6,2,5,0,0,-0.3507773745595103,Tier 4
SI LING PRIMARY SCHOOL,61 WOODLANDS AVENUE 1   ,739067,CO-ED SCHOOL,0,0,0,0.27,0.14,0.0,0.22,0.04,33,0,0,0,1,3,1,4,1,3,0,0,-0.3522790696933326,Tier 4
XINGHUA PRIMARY SCHOOL,45 HOUGANG AVENUE 1   ,538882,CO-ED SCHOOL,0,0,0,0.28,0.08,0.0,0.32,0.74,25,0,1,0,0,4,1,6,2,4,0,0,-0.35347170792124155,Tier 4
CHANGKAT PRIMARY SCHOOL,11 SIMEI ST 3   ,529896,CO-ED SCHOOL,0,0,0,0.22,0.07,0.01,0.19,0.06,29,0,0,0,2,3,1,4,1,4,0,0,-0.3560137489733074,Tier 4
MARYMOUNT CONVENT SCHOOL,20 Marymount Road   ,297754,GIRLS' SCHOOL,0,0,0,0.13,0.04,0.04,0.27,0.91,27,0,0,1,0,4,0,6,1,3,0,0,-0.3585226405663623,Tier 4
EDGEFIELD PRIMARY SCHOOL,41 EDGEFIELD PLAINS   ,828869,CO-ED SCHOOL,0,0,0,0.32,0.04,0.0,0.15,0.26,32,0,0,0,1,3,0,4,1,3,0,0,-0.35945390238130814,Tier 4
AHMAD IBRAHIM PRIMARY SCHOOL,10 YISHUN STREET 11   ,768643,CO-ED SCHOOL,0,0,0,0.18,0.05,0.02,0.17,0.19,21,0,0,0,1,3,1,4,1,4,0,0,-0.3605901456256433,Tier 4
WOODLANDS RING PRIMARY SCHOOL,11 WOODLANDS RING ROAD   ,738240,CO-ED SCHOOL,0,0,0,0.0,0.0,0.0,0.0,0.0,21,0,0,0,0,4,1,4,1,6,0,0,-0.3694312600262665,Tier 4
CANTONMENT PRIMARY SCHOOL,1 CANTONMENT CLOSE   ,88256,CO-ED SCHOOL,0,0,0,0.32,0.08,0.0,0.25,0.25,31,0,1,0,0,3,2,7,1,4,0,0,-0.37506323714652423,Tier 4
BENDEMEER PRIMARY SCHOOL,91 BENDEMEER ROAD   ,339948,CO-ED SCHOOL,0,0,0,0.26,0.19,0.0,0.2,0.47,30,0,0,0,2,2,0,6,0,5,0,0,-0.37966307548511596,Tier 4
BEDOK GREEN PRIMARY SCHOOL,1 BEDOK SOUTH AVE 2   ,469317,CO-ED SCHOOL,0,0,0,0.22,0.04,0.0,0.15,0.3,31,0,1,0,1,2,0,4,2,6,0,0,-0.38066843803889316,Tier 4
PUNGGOL PRIMARY SCHOOL,61 HOUGANG AVENUE 8   ,538787,CO-ED SCHOOL,0,0,0,0.0,0.0,0.0,0.0,0.0,38,0,1,1,1,5,0,3,2,5,0,0,-0.3837969728154898,Tier 4
ZHONGHUA PRIMARY SCHOOL,12 SERANGOON AVENUE 4   ,556095,CO-ED SCHOOL,0,0,0,0.17,0.03,0.0,0.06,0.29,23,0,0,0,1,3,0,3,1,4,0,0,-0.38529204041485077,Tier 4
TOWNSVILLE PRIMARY SCHOOL,3 ANG MO KIO AVE 10   ,569730,CO-ED SCHOOL,0,0,0,0.0,0.0,0.0,0.0,0.0,25,0,0,0,0,3,0,4,2,4,0,0,-0.3886043257321586,Tier 4
PUNGGOL VIEW PRIMARY SCHOOL,9 Punggol Place   ,828845,CO-ED SCHOOL,0,0,0,0.0,0.0,0.0,0.0,0.0,29,0,0,0,0,5,0,5,1,3,0,0,-0.40904580268615387,Tier 4
DAMAI PRIMARY SCHOOL,52 BEDOK RESERVOIR CRESCENT   ,479226,CO-ED SCHOOL,0,0,0,0.0,0.0,0.0,0.0,0.0,31,1,0,0,1,4,0,3,2,4,0,0,-0.41600715003005584,Tier 4
JURONG WEST PRIMARY SCHOOL,30 JURONG WEST ST 61   ,648368,CO-ED SCHOOL,0,0,0,0.0,0.0,0.0,0.0,0.0,24,0,0,0,0,2,1,5,1,4,0,0,-0.4319390087005948,Tier 4
NEW TOWN PRIMARY SCHOOL,300 Tanglin Halt Road   ,148812,CO-ED SCHOOL,0,0,0,0.19,0.02,0.02,0.12,0.26,31,0,2,0,0,3,0,4,2,5,0,0,-0.4427324529369001,Tier 4
PIONEER PRIMARY SCHOOL,80 TENGAH GARDEN AVENUE   ,699915,CO-ED SCHOOL,0,0,0,0.0,0.04,0.05,0.58,0.52,33,0,1,0,0,4,1,4,2,2,0,0,-0.460231963871085,Tier 4
NORTHOAKS PRIMARY SCHOOL,61 Sembawang Drive   ,757622,CO-ED SCHOOL,0,0,0,0.16,0.07,0.0,0.05,0.04,29,0,1,0,0,3,0,4,0,3,0,0,-0.48119820686122133,Tier 4
KRANJI PRIMARY SCHOOL,11 CHOA CHU KANG STREET 54   ,689189,CO-ED SCHOOL,0,0,0,0.0,0.0,0.0,0.0,0.0,22,0,1,0,1,3,0,2,1,2,0,0,-0.5188447546511115,Tier 4
